,CHOOSE_DX,dxONAngle,dON1,cIDON1,dON_patch_1,nTON,dON,dxOFFAngle,dOFF1,cIDOFF1,dOFF_patch_1,nTOFF,dOFF,SUCCESS,nExp,dual_point_id,subpoint_time_seconds,total_execution_time,logp,dOFF/dON,Vote dOFF>dON
0,along_decision_boundary,70.85638825316272,0.06274772388557001,[0 3],0.06274772388557001,1,0.06274772388557001,77.92861865220699,0.6214376314551792,[1 3],0.6214376314551792,1,0.6214376314551792,True,1,16,2.296116828918457,19.827199935913086,0.0,9.903747785154167,True
1,along_decision_boundary,78.16946614401351,0.2022217010114047,[2 4],0.2022217010114047,1,0.2022217010114047,65.54575910670772,0.6334320862388326,[2 4],0.6334320862388326,1,0.6334320862388326,True,2,25,6.166038751602173,47.11471724510193,-0.5,3.132364543818712,True
2,along_decision_boundary,54.1156842098487,0.23817168796639102,[6 9],0.23817168796639102,1,0.23817168796639102,55.022655773710234,0.16072762429379717,[6 9],0.16072762429379717,1,0.16072762429379717,False,3,59,2.8902952671051025,100.90451979637146,-1.0,0.6748393382360284,False
3,along_decision_boundary,63.994810550647145,0.08203904797363484,[8 9],0.08203904797363484,1,0.08203904797363484,66.27222894624732,0.0543408735023445,[8 9],0.0543408735023445,1,0.0543408735023445,False,4,71,1.0092027187347412,131.01105117797852,-0.16666666666666669,0.6623781582620047,False
4,along_decision_boundary,63.320221971339734,0.03495078839513516,[2 7],0.03495078839513516,1,0.03495078839513516,63.4750485924311,0.9991783605460259,[2 7],0.9991783605460259,1,0.9991783605460259,True,5,78,3.4117705821990967,140.56705832481384,-0.0,28.58814940738512,True
5,along_decision_boundary,57.093825953876234,0.2111340423915928,[2 7],0.2111340423915928,1,0.2111340423915928,47.74832420687963,0.18503368657733982,[2 7],0.18503368657733982,1,0.18503368657733982,False,6,87,3.648932695388794,163.0683958530426,-0.09999999999999995,0.8763801634326484,False
6,along_decision_boundary,75.87140016218915,0.021875701888602574,[3 7],0.021875701888602574,1,0.021875701888602574,83.38397082006212,0.22163793578645752,[3 7],0.22163793578645752,1,0.22163793578645752,True,7,175,1.0556950569152832,325.9431862831116,-0.0,10.131694832700786,True
