,CHOOSE_DX,dxONAngle,dON1,cIDON1,dON_patch_1,nTON,dON,dxOFFAngle,dOFF1,cIDOFF1,dOFF_patch_1,nTOFF,dOFF,SUCCESS,nExp,dual_point_id,subpoint_time_seconds,total_execution_time,logp,dOFF/dON,Vote dOFF>dON
0,along_decision_boundary,67.35310695194391,0.040479198524712365,[4 6],0.040479198524712365,1,0.040479198524712365,72.37378172487989,0.49611238356515813,[4 6],0.49611238356515813,1,0.49611238356515813,True,1,40,3.8860526084899902,69.56569314002991,0.0,12.255983360497709,True
1,along_decision_boundary,60.66051368617879,0.48373057046293877,[4 7],0.48373057046293877,1,0.48373057046293877,57.04475010577469,0.03620700394100784,[4 7],0.03620700394100784,1,0.03620700394100784,False,2,41,4.273750066757202,73.84743475914001,-0.5,0.07484952606232245,False
2,along_decision_boundary,44.272219675876066,0.02895126799140117,[2 9],0.02895126799140117,1,0.02895126799140117,67.33862595542172,0.7096289693758945,[2 9],0.7096289693758945,1,0.7096289693758945,True,3,62,3.441107988357544,121.58284521102905,-0.0,24.51115334867757,True
3,along_decision_boundary,87.85631074858837,0.015225373914974728,[5 6],0.015225373914974728,1,0.015225373914974728,73.58024867520386,0.08555883575830447,[5 6],0.08555883575830447,1,0.08555883575830447,True,4,78,1.4171218872070312,150.7422435283661,-0.16666666666666669,5.6194899538167755,True
4,along_decision_boundary,87.50926734231234,0.4600999322401739,[0 9],0.4600999322401739,1,0.4600999322401739,50.54533850644375,9.740710732877398e-06,[0 9],9.740710732877398e-06,1,9.740710732877398e-06,False,5,138,3.4630231857299805,254.49400782585144,-0.5,2.117085887287788e-05,False
5,along_decision_boundary,75.15549741315812,0.041393832889716944,[4 8],0.041393832889716944,1,0.041393832889716944,76.14491390797508,0.0032955565674887906,[4 8],0.0032955565674887906,1,0.0032955565674887906,False,6,171,0.7380378246307373,297.4664568901062,-0.09999999999999995,0.07961467536163999,False
