,CHOOSE_DX,dxONAngle,dON1,cIDON1,dON_patch_1,nTON,dON,dxOFFAngle,dOFF1,cIDOFF1,dOFF_patch_1,nTOFF,dOFF,SUCCESS,nExp,dual_point_id,subpoint_time_seconds,total_execution_time,logp,dOFF/dON,Vote dOFF>dON
0,along_decision_boundary,59.775966013952,0.01518535821080245,[3 7],0.01518535821080245,1,0.01518535821080245,78.09717419024923,0.053212776220580696,[3 7],0.053212776220580696,1,0.053212776220580696,True,1,117,1.8709499835968018,283.28308868408203,0.0,3.5042160666797164,True
1,along_decision_boundary,53.678875333960264,0.09618579600832852,[2 3],0.09618579600832852,1,0.09618579600832852,58.9659649772511,0.4712503511715181,[2 3],0.4712503511715181,1,0.4712503511715181,True,2,241,3.7100839614868164,599.8817756175995,-0.5,4.899375695042473,True
2,along_decision_boundary,81.14579654187543,0.10271157366398469,[2 7],0.10271157366398469,1,0.10271157366398469,74.87173962133271,0.08971338609579776,[2 7],0.08971338609579776,1,0.08971338609579776,False,3,247,2.2417449951171875,610.8661851882935,-1.0,0.8734496308010061,False
3,along_decision_boundary,72.82352029301485,0.2596535016168864,[4 8],0.2596535016168864,1,0.2596535016168864,56.0800912656045,0.31138280446412264,[4 8],0.31138280446412264,1,0.31138280446412264,True,4,253,8.357969522476196,630.7472348213196,-0.16666666666666669,1.1992243606387478,True
4,along_decision_boundary,44.7280304857263,0.03046486621620003,[0 7],0.03046486621620003,1,0.03046486621620003,81.82151025004865,0.5177232847901443,[1 7],0.5177232847901443,1,0.5177232847901443,True,5,267,6.896855354309082,676.4700157642365,-0.5,16.99410990732791,True
5,along_decision_boundary,79.66272909843988,0.2608454386051227,[7 9],0.2608454386051227,1,0.2608454386051227,55.44607806204502,0.5905032049491052,[7 9],0.5905032049491052,1,0.5905032049491052,True,6,302,7.164154767990112,761.6616752147675,-0.8999999999999999,2.2638049877614703,True
6,along_decision_boundary,88.96473305572626,0.34547553176806745,[4 6],0.34547553176806745,1,0.34547553176806745,68.68566215079389,0.17864045196795028,[4 6],0.17864045196795028,1,0.17864045196795028,False,7,307,5.088947534561157,778.5491971969604,-1.3333333333333335,0.5170856849216149,False
7,along_decision_boundary,73.88728625675695,0.2047801835623806,[0 7],0.2047801835623806,1,0.2047801835623806,81.36917015917102,0.0740990904837032,[0 7],0.0740990904837032,1,0.0740990904837032,False,8,308,2.964433431625366,781.5206274986267,-0.642857142857143,0.36184697754766376,False
